Id,Title,Nickname,这列写备注（吐槽），C列的内容如果有中文逗号会像这样标红,,,,,,,,,,,,,,,,,,,,,,
1,Yes! BanG_Dream!,"炸梦,是的炸梦,新手村,新手教学",,,,,,,,,,,,,,,,,,,,,,,
2,STAR BEAT!〜ホシノコドウ〜,"↑↓,↓↑,sb",,,,,,,,,,,,,,,,,,,,,,,
3,ぽっぴん’しゃっふる,薄饼香呼呼,,,,,,,,,,,,,,,,,,,,,,,
4,ティアドロップス,"泪滴,死亡三连,tear",,,,,,,,,,,,,,,,,,,,,,,
5,夏空 SUN! SUN! SEVEN!,夏空日日七,,,,,,,,,,,,,,,,,,,,,,,
7,God knows...,"神知,凉宫春日,天知道,gk",,,,,,,,,,,,,,,,,,,,,,,
8,空色デイズ,"空色days,钻头",,,,,,,,,,,,,,,,,,,,,,,
9,ETERNAL BLAZE,"永恒火焰,slb,奈叶,eb",,,,,,,,,,,,,,,,,,,,,,,
10,Alchemy,炼金术,,,,,,,,,,,,,,,,,,,,,,,
11,Butter-Fly,"黄油飞,数码宝贝,蝴蝶",,,,,,,,,,,,,,,,,,,,,,,
12,走り始めたばかりのキミに,"走你,走始",,,,,,,,,,,,,,,,,,,,,,,
13,1000回潤んだ空,"千空,千回润空,千回空",,,,,,,,,,,,,,,,,,,,,,,
14,カルマ,"力儿又,力儿马,深渊传说,卡鲁玛,卡尔玛",,,,,,,,,,,,,,,,,,,,,,,
15,Don’t say “lazy”,"轻音少女,不要开摆,dslz,主唱在打鼓,不要说懒",,,,,,,,,,,,,,,,,,,,,,,
16,Hacking to the Gate,"石头门,命运石之门,httg",,,,,,,,,,,,,,,,,,,,,,,
17,魂のルフラン,"魂回,魂之轮回, EVA,魂轮",,,,,,,,,,,,,,,,,,,,,,,
18,secret base ～君がくれたもの～,"未闻花名,那朵花",,,,,,,,,,,,,,,,,,,,,,,
19,ドリームパレード,"梦游,梦想游行",,,,,,,,,,,,,,,,,,,,,,,
20,シュガーソングとビターステップ,"糖歌,血界战线,🍬,糖",,,,,,,,,,,,,,,,,,,,,,,
21,いーあるふぁんくらぶ,"王力宏,China,fanclub",,,,,,,,,,,,,,,,,,,,,,,
22,シルエット,"剪影,silhouette,火影",,,,,,,,,,,,,,,,,,,,,,,
24,ときめきエクスペリエンス！,"op1,心跳体验,op,第一首歌",,,,,,,,,,,,,,,,,,,,,,,
25,キラキラだとか夢だとか ～Sing Girls～,"krkr,信鸽",,,,,,,,,,,,,,,,,,,,,,,
26,That Is How I Roll!,"我就是那样滚的,tihir,这就是我怎样滚的",,,,,,,,,,,,,,,,,,,,,,,
27,True color,"真色,真彩,tc",,,,,,,,,,,,,,,,,,,,,,,
28,Scarlet Sky,"绯色天空,绯空,ss",,,,,,,,,,,,,,,,,,,,,,,
29,BLACK SHOUT,"黑吼,黑叫,nasu,BLACK SHORT",,,,,,,,,,,,,,,,,,,,,,,
30,Re:birth day,"重生日,投胎日,rbd,群友下午好",,,,,,,,,,,,,,,,,,,,,,,
31,LOUDER,"老大,大声点,鬼屋,大点声",,,,,,,,,,,,,,,,,,,,,,,
32,しゅわりん☆どり〜みん,"修车,shuwa,修哇修哇",,,,,,,,,,,,,,,,,,,,,,,
33,パスパレボリューションず☆,怕死怕累泼硫酸,,,,,,,,,,,,,,,,,,,,,,,
34,はなまる◎アンダンテ,"花圆,花圈",,,,,,,,,,,,,,,,,,,,,,,
35,えがおのオーケストラっ！,"orchestra,管弦乐团,笑容管弦乐",,,,,,,,,,,,,,,,,,,,,,,
36,ハピネスっ！ハピィーマジカルっ♪,"happiness,快乐魔法",,,,,,,,,,,,,,,,,,,,,,,
37,ゴーカ！　ごーかい！？　ファントムシーフ！,"贼船,怪盗",,,,,,,,,,,,,,,,,,,,,,,
40,Happy Happy Party！,"哈皮哈皮爬梯,ykn听了都说好,憨批,hhp",,,,,,,,,,,,,,,,,,,,,,,
41,Don’t be afraid!,"别怕,我们遇到什么困难也不要怕,别怂",,,,,,,,,,,,,,,,,,,,,,,
42,光るなら,"四谎op,绽放光芒",,,,,,,,,,,,,,,,,,,,,,,
43,前へススメ！,"向前,速食面",,,,,,,,,,,,,,,,,,,,,,,
44,そばかす,"雀斑,浪客剑心",,,,,,,,,,,,,,,,,,,,,,,
45,夢みるSunflower,太阳花,,,,,,,,,,,,,,,,,,,,,,,
46,Little Busters!,LB,,,,,,,,,,,,,,,,,,,,,,,
47,キミにもらったもの,"谢谢你,催眠曲,宝物",,,,,,,,,,,,,,,,,,,,,,,
48,正解はひとつ!じゃない!!,"哦嗨哟,抹布洗,正解",,,,,,,,,,,,,,,,,,,,,,,
49,天体観測,"您,AP,天体观您,观星,天体观测",,,,,,,,,,,,,,,,,,,,,,,
50,MOON PRIDE,"晒你妹卡,美少女战士,美战,mp",,,,,,,,,,,,,,,,,,,,,,,
51,どきどきSING OUT!,"ksm,cdd,香澄",,,,,,,,,,,,,,,,,,,,,,,
52,ハッピーサマーウェディング,快乐夏日婚礼,,,,,,,,,,,,,,,,,,,,,,,
53,陽だまりロードナイト,"蔷薇辉石,yuki,锁手三纵",,,,,,,,,,,,,,,,,,,,,,,
54,great escape,"大逃亡,进击的巨人,进巨,核桃,ge",,,,,,,,,,,,,,,,,,,,,,,
55,紅蓮の弓矢,"红莲的弓矢,进击的巨人,进巨,红莲",,,,,,,,,,,,,,,,,,,,,,,
56,熱色スターマイン,"热色星火,星石,热色",,,,,,,,,,,,,,,,,,,,,,,
57,花園電気ギター！！！,"花园电气吉他,otae,花园吉他",,,,,,,,,,,,,,,,,,,,,,,
58,チョコレイトの低音レシピ,"里美,rimi,李美丽",,,,,,,,,,,,,,,,,,,,,,,
59,ふわふわ時間,"滑滑蛋,轻音少女,k-on",,,,,,,,,,,,,,,,,,,,,,,
60,ゆら・ゆらRing-Dong-Dance,"彩千圣,情歌对唱",,,,,,,,,,,,,,,,,,,,,,,
61,夏のドーン！,夏咚,,,,,,,,,,,,,,,,,,,,,,,
62,ひまわりの約束,"向日葵的约定,哆啦A梦",,,,,,,,,,,,,,,,,,,,,,,
63,The Everlasting Guilty Crown,"罪恶王冠,网管,王冠op",,,,,,,,,,,,,,,,,,,,,,,
64,八月のif,八月的伊芙,,,,,,,,,,,,,,,,,,,,,,,
65,Hey-day狂騒曲（カプリチオ）,"capriccio,狂骚,你开头gr了",,,,,,,,,,,,,,,,,,,,,,,
66,アスノヨゾラ哨戒班,"烧鸡班,明日夜空,佐仓",,,,,,,,,,,,,,,,,,,,,,,
67,only my railgun,"电磁炮,omr,炮姐,超炮",,,,,,,,,,,,,,,,,,,,,,,
68,YAPPY！SCHOOL CARNIVAL☆彡,"鸭皮,丫皮,三撇,劲爆12分双押",,,,,,,,,,,,,,,,,,,,,,,
69,せかいのっびのびトレジャー！,"打碟,搓碟,天线宝宝,绿条,yo,哟",,,,,,,,,,,,,,,,,,,,,,,
70,SURVIVOR ねばーぎぶあっぷ！,无人岛,,,,,,,,,,,,,,,,,,,,,,,
71,Red fraction,"黑礁,rf",,,,,,,,,,,,,,,,,,,,,,,
72,はなまるぴっぴはよいこだけ,"阿松,花丸",,,,,,,,,,,,,,,,,,,,,,,
73,Time Lapse,"延时,时间推移,tl",,,,,,,,,,,,,,,,,,,,,,,
74,遠い音楽～ハートビート～,"saaya,heartbeat,saya,沙绫",,,,,,,,,,,,,,,,,,,,,,,
75,－HEROIC ADVENT－,英雄降临,,,,,,,,,,,,,,,,,,,,,,,
76,Determination Symphony,"决意交响曲,决心交响曲,秋雨,DS,秋时雨,纱夜,吉他,姐妹",,,,,,,,,,,,,,,,,,,,,,,
77,ロメオ,"罗密欧,口×才,超长开头,honeyworks",,,,,,,,,,,,,,,,,,,,,,,
78,READY STEADY GO,"钢炼,rsg",,,,,,,,,,,,,,,,,,,,,,,
79,世界は恋に落ちている,"青春之旅,世界坠入爱河,honeyworks,世界恋落",,,,,,,,,,,,,,,,,,,,,,,
80,す、好きなんかじゃない！,"秋妈妈,ars",,,,,,,,,,,,,,,,,,,,,,,
81,千本桜,"千本樱,sakura",,,,,,,,,,,,,,,,,,,,,,,
82,恋は渾沌の隷也,"激萌萝莉,奈亚子,三只佩奇,恋混沌",,,,,,,,,,,,,,,,,,,,,,,
83,プライド革命,"自尊心革命,自豪革命,honeyworks",,,,,,,,,,,,,,,,,,,,,,,
84,深愛,"白色相簿,白1,深爱",,,,,,,,,,,,,,,,,,,,,,,
85,ハッピーシンセサイザ,"断手器,拍砖,快乐合成器",,,,,,,,,,,,,,,,,,,,,,,
86,君じゃなきゃダメみたい,"非你不可,月刊少女,洗你大衣,搓衣板",,,,,,,,,,,,,,,,,,,,,,,
87,残酷な天使のテーゼ,"残酷天使,残纲,eva",,,,,,,,,,,,,,,,,,,,,,,
88,Dragon Night,"龙夜,313combo",单独313词条不触发（优先度原因）,,,,,,,,,,,,,,,,,,,,,,
89,Redo,"RE0,27耻,重开",,,,,,,,,,,,,,,,,,,,,,,
90,クインティプル☆すまいる,quintuple smile,,,,,,,,,,,,,,,,,,,,,,,
91,クリスマスのうた,圣诞歌,,,,,,,,,,,,,,,,,,,,,,,
92,B.O.F,"sae头锤,名场面,bof",,,,,,,,,,,,,,,,,,,,,,,
93,Y.O.L.O！！！！！,"大哥上楼梯,yolo,斜楼梯",,,,,,,,,,,,,,,,,,,,,,,
94,わちゃ・もちゃ・ぺったん行進曲,"企鹅进行曲,相羽爱奈进行曲,i83进行曲,花音可爱捏",,,,,,,,,,,,,,,,,,,,,,,
95,CiRCLING,"圈圈,圆圈,原",,,,,,,,,,,,,,,,,,,,,,,
96,ONENESS,"onemiss,1miss,拇指党震怒",,,,,,,,,,,,,,,,,,,,,,,
97,Opera of the wasteland,"歌剧,网游,废土,NFO,ootw",,,,,,,,,,,,,,,,,,,,,,,
100,メランコリック,"melancholic,忧郁",,,,,,,,,,,,,,,,,,,,,,,
101,SAKURAスキップ,"樱花跳,new game",,,,,,,,,,,,,,,,,,,,,,,
104,もういちど ルミナス,"pp2,引牛之主,再来,再一次 闪耀,再次闪耀",,,,,,,,,,,,,,,,,,,,,,,
105,Shangri-La,"香格里拉,苍穹之法芙娜",,,,,,,,,,,,,,,,,,,,,,,
106,Wonderland Girl,"噜噜噜噜,噜1,仙境,百慕大三角,日菜进行曲,hina进行曲",,,,,,,,,,,,,,,,,,,,,,,
107,fantastic dreamer,"素晴,fd",,,,,,,,,,,,,,,,,,,,,,,
108,ハレ晴レユカイ,"晴天好心情,凉宫,宅舞",,,,,,,,,,,,,,,,,,,,,,,
109,This game,"鲨鱼,游戏人生,虎纹鲨鱼,捕鱼达人,tg",,,,,,,,,,,,,,,,,,,,,,,
110,GLAMOROUS SKY,"媚惑天空,nana,gs",,,,,,,,,,,,,,,,,,,,,,,
111,軌跡,"刀,轨迹,5th,有利息",,,,,,,,,,,,,,,,,,,,,,,
112,Light Delight,LD,,,,,,,,,,,,,,,,,,,,,,,
113,Jamboree!Journey!,JJ,,,,,,,,,,,,,,,,,,,,,,,
115,私の心はチョココロネ,"巧克力螺,我的心是巧克力螺",,,,,,,,,,,,,,,,,,,,,,,
116,気まぐれロマンティック,彩彩散步,,,,,,,,,,,,,,,,,,,,,,,
117,イマジネーション,"排球,imagination ",,,,,,,,,,,,,,,,,,,,,,,
118,Neo-Aspect,"na,r2,米歇尔",,,,,,,,,,,,,,,,,,,,,,,
119,Legendary,"传奇,打牌",,,,,,,,,,,,,,,,,,,,,,,
120,DAYS,"日,天",,,,,,,,,,,,,,,,,,,,,,,
121,COMIC PANIC!!!,"漫画,cp",,,,,,,,,,,,,,,,,,,,,,,
122,二重の虹(ダブル レインボウ),二重虹,,,,,,,,,,,,,,,,,,,,,,,
123,ふわふわ☆ゆめいろサンドイッチ,"呼哇呼哇,梦色三明治",,,,,,,,,,,,,,,,,,,,,,,
124,みくみくにしてあげる♪【してやんよ】,"把你mikumiku掉,亚美跳miku",,,,,,,,,,,,,,,,,,,,,,,
125,天下トーイツA to Z☆,"atz,a2z,阿三风,你行八行,武士道,天下统一",,,,,,,,,,,,,,,,,,,,,,,
126,Believe in my existence,"打牌,bime",,,,,,,,,,,,,,,,,,,,,,,
127,太陽曰く燃えよカオス,"太阳日,奈亚子,太阳曰",,,,,,,,,,,,,,,,,,,,,,,
128,六兆年と一夜物語,"希腊奶,各位群友晚上好,lzn,六兆年",,,,,,,,,,,,,,,,,,,,,,,
129,Fantastic future,"变态,不笑猫op",,,,,,,,,,,,,,,,,,,,,,,
130,最高(さあ行こう)！,最高,,,,,,,,,,,,,,,,,,,,,,,
131,ピコっと！パピっと！！ガルパ☆ピコ！！！,pico1,,,,,,,,,,,,,,,,,,,,,,,
132,ハイファイブ∞あどべんちゃっ,"旧宝岛,万万岁",,,,,,,,,,,,,,,,,,,,,,,
133,キミの記憶,"p3,你的记忆",,,,,,,,,,,,,,,,,,,,,,,
134,Reach Out To The Truth,p4,,,,,,,,,,,,,,,,,,,,,,,
135,Life Will Change,p5,,,,,,,,,,,,,,,,,,,,,,,
136,夏祭り,"夏寄,山本ptsd曲,马自立",,,,,,,,,,,,,,,,,,,,,,,
137,シャルル,"夏露露,呼诶诶,汁儿儿,咦呀",,,,,,,,,,,,,,,,,,,,,,,
138,ロミオとシンデレラ,"辛德瑞拉,罗密欧与朱丽叶,罗密欧与灰姑娘",,,,,,,,,,,,,,,,,,,,,,,
139,エイリアンエイリアン,外星人,,,,,,,,,,,,,,,,,,,,,,,
140,ロストワンの号哭,"佐仓号哭,32上上位,LOST ONE的号哭",,,,,,,,,,,,,,,,,,,,,,,
141,GO! GO! MANIAC,"锅盖面,ggm,k-on,kon,轻音少女,888",,,,,,,,,,,,,,,,,,,,,,,
142,Sanctuary,"圣域,水之国",,,,,,,,,,,,,,,,,,,,,,,
143,ガールズコード,girls,,,,,,,,,,,,,,,,,,,,,,,
144,ツナグ、ソラモヨウ,ag2,,,,,,,,,,,,,,,,,,,,,,,
145,DISCOTHEQUE,"迪斯科,十字架与吸血鬼",,,,,,,,,,,,,,,,,,,,,,,
146,新宝島,"心宝岛,猛男舞,恐龙妈妈,konomama",,,,,,,,,,,,,,,,,,,,,,,
147,ひとりじゃないんだから,"打工曲,打工战士,咱们工人有力量",,,,,,,,,,,,,,,,,,,,,,,
148,ゼッタイ宣言～Recital～,"绝对宣言,俏皮可爱,卡手宣言,七个大个,俏皮新键",,,,,,,,,,,,,,,,,,,,,,,
149,R,"拿来,外内外外",,,,,,,,,,,,,,,,,,,,,,,
150,キミがいなくちゃっ！,"hhw2,没你不行",,,,,,,,,,,,,,,,,,,,,,,
151,君に届け,"好想告诉你,君届",,,,,,,,,,,,,,,,,,,,,,,
152,ゆりゆららららゆるゆり大事件,"开幕雷击大事件,摇曳百合",,,,,,,,,,,,,,,,,,,,,,,
153,PASSIONATE ANTHEM,"爬,PA",,,,,,,,,,,,,,,,,,,,,,,
154,Crow Song,"乌鸦歌,天使心跳",,,,,,,,,,,,,,,,,,,,,,,
155,Home Street,"家街,男同街,homo",,,,,,,,,,,,,,,,,,,,,,,
156,ランブリングメモリー,小号兰,,,,,,,,,,,,,,,,,,,,,,,
157,エクストラ・マジック・アワー,"过山车,甘城",,,,,,,,,,,,,,,,,,,,,,,
158,キズナミュージック♪,"羁绊歌,kzn,kizunamusic",,,,,,,,,,,,,,,,,,,,,,,
159,BRAVE JEWEL,"勇气宝石,热情沙漠,冰川打火机,BJ,祝你好运每一天",,,,,,,,,,,,,,,,,,,,,,,
160,R·I·O·T,"riot,come in",,,,,,,,,,,,,,,,,,,,,,,
161,ツキアカリのミチシルベ,"流星双子,月光的指引",,,,,,,,,,,,,,,,,,,,,,,
162,奏（かなで）,一周的朋友,,,,,,,,,,,,,,,,,,,,,,,
163,瞬間センチメンタル,"感伤瞬间,钢炼",,,,,,,,,,,,,,,,,,,,,,,
164,Wake up!,"起来,我靠,海贼",,,,,,,,,,,,,,,,,,,,,,,
165,名前のない怪物,"无名怪物,没有名字的怪物,心理测量者",,,,,,,,,,,,,,,,,,,,,,,
166,回レ！雪月花,"马列,雪月花,旋转",,,,,,,,,,,,,,,,,,,,,,,
167,Q＆A　リサイタル！,"QA,邻座的怪同学",,,,,,,,,,,,,,,,,,,,,,,
168,Safe and Sound,"坚实之声,sas,ED2",,,,,,,,,,,,,,,,,,,,,,,
169,ぎゅっDAYS♪,"日,mayadays",,,,,,,,,,,,,,,,,,,,,,,
170,Jumpin',"跳车,跳",,,,,,,,,,,,,,,,,,,,,,,
171,はれやか すこやか ぴかりんりん♪,"皮卡燐燐,BPM230",,,,,,,,,,,,,,,,,,,,,,,
172,らしさ,"元气氹仔,拉稀洒",,,,,,,,,,,,,,,,,,,,,,,
173,夜行性ハイズ,"孩子,夜行性,初音联动特别篇",,,,,,,,,,,,,,,,,,,,,,,
174,オトモダチフィルム,"多田君,大哥拍照,洗衣机",,,,,,,,,,,,,,,,,,,,,,,
175,Ringing Bloom,"00boom,rb,燐燐开花,燐燐爆炸,给大佬比心,大失所望,敷衍了事,官谱摆烂",,,,,,,,,,,,,,,,,,,,,,,
176,Baby Sweet Berry Love,"变态王子,bsbl,不笑猫ed",,,,,,,,,,,,,,,,,,,,,,,
177,SAKURA MEMORIES,"樱花记忆,sm",,,,,,,,,,,,,,,,,,,,,,,
178,革命デュアリズム,"革命机,情歌对唱",,,,,,,,,,,,,,,,,,,,,,,
179,檄！帝国華撃団,"滑稽团,樱花大战",,,,,,,,,,,,,,,,,,,,,,,
180,Returns,"多惠专用曲目,回归",,,,,,,,,,,,,,,,,,,,,,,
181,NO GIRL NO CRY,"不女不哭,ngnc",,,,,,,,,,,,,,,,,,,,,,,
182,Dreamers Go!,"加油追梦人,dg",,,,,,,,,,,,,,,,,,,,,,,
183,StaRt,"开始,绿苹果",,,,,,,,,,,,,,,,,,,,,,,
184,ON YOUR MARK,"oym,定滑纵连",,,,,,,,,,,,,,,,,,,,,,,
185,いつも通りのBrand new days,"一直摸兜里,全新",,,,,,,,,,,,,,,,,,,,,,,
186,きゅ〜まい＊flower,"Q花,九枚花,下个路口见,kyumai flower",,,,,,,,,,,,,,,,,,,,,,,
187,FIRE BIRD,"火鸟,烧鸡,火鸡,烧鸟,emotion,firebird,111combo,1111",,,,,,,,,,,,,,,,,,,,,,,
188,緋色の空,"夏娜,绯空",,,,,,,,,,,,,,,,,,,,,,,
189,えがお･シング･あ･ソング,娃哈哈,,,,,,,,,,,,,,,,,,,,,,,
190,Daydream café,"白日梦咖啡店,点兔",,,,,,,,,,,,,,,,,,,,,,,
191,ノーポイッ！,"点兔,nopoi",,,,,,,,,,,,,,,,,,,,,,,
192,ときめきポポロン♪,"点兔,心动泡芙,小豆队,poporon",,,,,,,,,,,,,,,,,,,,,,,
193,ワクワクmeetsトリップ,"地底人,摩尔",,,,,,,,,,,,,,,,,,,,,,,
194,UNSTOPPABLE,"停不下来,不要停下来啊,下半身舞蹈,不能停",,,,,,,,,,,,,,,,,,,,,,,
195,午夜の待ち合わせ,"野良神,午夜待合",,,,,,,,,,,,,,,,,,,,,,,
196,チェリボム,"樱桃炸弹,协力协力崩,cherry ",,,,,,,,,,,,,,,,,,,,,,,
197,にこ×にこ＝ハイパースマイルパワー！,niconico,,,,,,,,,,,,,,,,,,,,,,,
198,春擬き,"春拟,春物",,,,,,,,,,,,,,,,,,,,,,,
199,ディスカバリー！,少歌,,,,,,,,,,,,,,,,,,,,,,,
200,約束,"约定,yakusoku,约束",,,,,,,,,,,,,,,,,,,,,,,
201,恋愛裁判,恋爱裁判,,,,,,,,,,,,,,,,,,,,,,,
202,アニバーサリー,"纪念日,周年庆",,,,,,,,,,,,,,,,,,,,,,,
203,A DECLARATION OF ×××,"XXX,ras电风扇",,,,,,,,,,,,,,,,,,,,,,,
204,海色,"各位群友早上好,舰c,你开头断了,你结尾断了,恐怖的,确实",,,,,,,,,,,,,,,,,,,,,,,
205,青い栞,"蓝书签,花名,那朵花",,,,,,,,,,,,,,,,,,,,,,,
206,1/3の純情な感情,三分之一,,,,,,,,,,,,,,,,,,,,,,,
207,"Easy come, Easy go！","eceg,e来e去,来去自如",,,,,,,,,,,,,,,,,,,,,,,
208,上海ハニー,"上海八二一,821",,,,,,,,,,,,,,,,,,,,,,,
209,ミュージック・アワー,"ppp情感电台,popipamusic",,,,,,,,,,,,,,,,,,,,,,,
210,あっつあつ 常夏 らぶ☆サマー！,"常夏,pp泳装",,,,,,,,,,,,,,,,,,,,,,,
211,切ないSandglass,"切沙漏,悲伤沙漏",,,,,,,,,,,,,,,,,,,,,,,
212,スマイルブーケで た〜まや〜！,"花火,玉屋",,,,,,,,,,,,,,,,,,,,,,,
213,からくりピエロ,"活动小丑,彩彩哭哭",,,,,,,,,,,,,,,,,,,,,,,
214,“UNIONS” Road,"团结之路,联合之路,desir",,,,,,,,,,,,,,,,,,,,,,,
215,アイのシナリオ,"爱的剧本,怪盗基德,honeyworks",,,,,,,,,,,,,,,,,,,,,,,
217,[FULL] 二重の虹(ダブルレインボウ),"召唤巨大彩虹喷流,二重虹full",,,,,,,,,,,,,,,,,,,,,,,
218,ファティマ,石头门0,,,,,,,,,,,,,,,,,,,,,,,
219,Hello! Wink!,"万圣,winkchuchu,kiss chuchu",,,,,,,,,,,,,,,,,,,,,,,
220,What's the POPIPA!?,"啥是破琵琶,什么是破琵琶啊（战术后仰）,啥是薄饼趴,啥是ppp,wtppp,什么是破琵琶啊(战术后仰)",,,,,,,,,,,,,,,,,,,,,,,
221,コレカラ,"龙王op,从这里开始",,,,,,,,,,,,,,,,,,,,,,,
222,Sasanqua,山茶花,,,,,,,,,,,,,,,,,,,,,,,
223,[FULL] ON YOUR MARK,"oym,full",,,,,,,,,,,,,,,,,,,,,,,
224,激動,"哇库哇库,驱魔少年,激动,冲动",,,,,,,,,,,,,,,,,,,,,,,
225,ブルーバード,青鸟,,,,,,,,,,,,,,,,,,,,,,,
226,ゆめゆめグラデーション,u咩u咩,,,,,,,,,,,,,,,,,,,,,,,
227,Paradisus-Paradoxum,"天堂悖论,papa,parapara,parpar,三连换限定",,,,,,,,,,,,,,,,,,,,,,,
228,Stay Alive,"活着,爱蜜莉雅,re0,emilia",,,,,,,,,,,,,,,,,,,,,,,
229,[FULL] きゅ〜まい＊flower,"满开,full花",,,,,,,,,,,,,,,,,,,,,,,
230,おもいでイルミネーション,"hhw圣诞,铃铛铃铛",,,,,,,,,,,,,,,,,,,,,,,
231,全力少年,开摆少年,,,,,,,,,,,,,,,,,,,,,,,
232,イニシャル,"印尼虾,initial",,,,,,,,,,,,,,,,,,,,,,,
233,天ノ弱,"天弱,天之弱,迫害佐仓",,,,,,,,,,,,,,,,,,,,,,,
234,White Afternoon,"白下午,wa,午后红茶,午後紅茶",,,,,,,,,,,,,,,,,,,,,,,
235,[FULL] えがお･シング･あ･ソング,"全娃哈哈,full娃哈哈",,,,,,,,,,,,,,,,,,,,,,,
236,創聖のアクエリオン,"创圣大天使,阿姨洗铁路,ksmykn",,,,,,,,,,,,,,,,,,,,,,,
237,GO!!!,"走!,冲!,火影,走！,冲！",,,,,,,,,,,,,,,,,,,,,,,
238,花ハ踊レヤいろはにほ,"花舞少女,花踊",,,,,,,,,,,,,,,,,,,,,,,
239,夢を撃ち抜く瞬間に！,"梦击,梦击拔,梦撃拔,梦jb,梦击碎",,,,,,,,,,,,,,,,,,,,,,,
240,開けたらDream!,开梦,,,,,,,,,,,,,,,,,,,,,,,
241,甲賀忍法帖,"甲贺,baslisk time,黑人跳舞,ykn跳舞",,,,,,,,,,,,,,,,,,,,,,,
242,Wonderful Sweet!,"糖果超甜,噜,ws",,,,,,,,,,,,,,,,,,,,,,,
243,[FULL] FIRE BIRD,"烤全鸡,烤全鸟",,,,,,,,,,,,,,,,,,,,,,,
244,Step×Step！,"六花曲,一步步,sxs,LOCK ON",,,,,,,,,,,,,,,,,,,,,,,
245,Song I am.,"我是宋,歌是我,我是歌,歌我是,sia,我就是歌姬吧,sia",,,,,,,,,,,,,,,,,,,,,,,
246,ドレミファロンド,"1234,哆来咪",,,,,,,,,,,,,,,,,,,,,,,
247,EXPOSE ‘Burn out!!!’,"光污染,耗电乐队,射,ebo,get your gun and shoot bang bang",,,,,,,,,,,,,,,,,,,,,,,
248,TWiNKLE CiRCLE,"开场音乐,circle2,tc",,,,,,,,,,,,,,,,,,,,,,,
249,[FULL] キズナミュージック♪,"kzn,fullkzn,fullkizunamusic",,,,,,,,,,,,,,,,,,,,,,,
250,Break your desire,"打破你的欲望,byd,不要打",,,,,,,,,,,,,,,,,,,,,,,
251,I love your way！,"我爱你路,我爱你的路",,,,,,,,,,,,,,,,,,,,,,,
252,インフェルノ,"炎炎消防队,inferno",,,,,,,,,,,,,,,,,,,,,,,
253,ロキ,"口串,口丰,roki,口干,新家,新疆,摩卡兰",,,,,,,,,,,,,,,,,,,,,,,
254,POP TEAM EPIC,"pop子,人类神经,pte",,,,,,,,,,,,,,,,,,,,,,,
255,Daylight -デイライト-,日光,,,,,,,,,,,,,,,,,,,,,,,
256,金色へのプレリュード,金色雨,,,,,,,,,,,,,,,,,,,,,,,
257,メリッサ,"melissa,香蜂草,钢炼,梅丽莎",,,,,,,,,,,,,,,,,,,,,,,
258,Bad Apple!! feat. nomico,"烂苹果,坏苹果,车万,噔噔噔,东方",,,,,,,,,,,,,,,,,,,,,,,
259,chAngE,"嫦娥,死神,改变",,,,,,,,,,,,,,,,,,,,,,,
260,ルカルカ★ナイトフィーバー,"卢卡卢卡,露卡露卡,LukaLuka,LucaLuca",,,,,,,,,,,,,,,,,,,,,,,
261,群青日和,群青日和,,,,,,,,,,,,,,,,,,,,,,,
262,うぃーきゃん☆フレフレっ！,"棒球,furefure",,,,,,,,,,,,,,,,,,,,,,,
263,ブルームブルーム,bloombloom,,,,,,,,,,,,,,,,,,,,,,,
264,Winking☆Cheer,"wink,wc,试镜会",,,,,,,,,,,,,,,,,,,,,,,
265,ミライトレイン,"未来列车,火车",,,,,,,,,,,,,,,,,,,,,,,
266,Avant-garde HISTORY,"前卫派,史诗,agh",,,,,,,,,,,,,,,,,,,,,,,
267,UNION,"ssss,联合",,,,,,,,,,,,,,,,,,,,,,,
268,大盛り一丁！ガルパ☆ピコ,"pico2,大份,大盛",,,,,,,,,,,,,,,,,,,,,,,
269,秒針を噛む,"咬秒针,真夜中",,,,,,,,,,,,,,,,,,,,,,,
270,RED RED RED,"红红红,3红,三红,rrr",,,,,,,,,,,,,,,,,,,,,,,
271,Blessing Chord,"古龙,nfo,婚纱,结婚,bc",,,,,,,,,,,,,,,,,,,,,,,
272,ヒトリノ夜,"孤夜,一个人",,,,,,,,,,,,,,,,,,,,,,,
274,ノスタルジックレインフォール,"恋如雨止,彩虹,pp翻唱",,,,,,,,,,,,,,,,,,,,,,,
275,final phase,"超炮,电磁炮,fp",,,,,,,,,,,,,,,,,,,,,,,
276,LEVEL5 -judgelight-,"电磁炮,lv5,超炮",,,,,,,,,,,,,,,,,,,,,,,
277,カサブタ,"力艹7夕,力草七夕,KASABUTA,豚,金童卡修,力艹七夕",,,,,,,,,,,,,,,,,,,,,,,
278,Breakthrough!,突破,,,,,,,,,,,,,,,,,,,,,,,
279,flame of hope,"foh,希望之火",,,,,,,,,,,,,,,,,,,,,,,
280,えがお、み～っけた！,"hhw的乡村生活,找到笑容",,,,,,,,,,,,,,,,,,,,,,,
281,右肩の蝶,"右肩之蝶,右肩蝶",,,,,,,,,,,,,,,,,,,,,,,
282,深海少女,"深海,WATER",,,,,,,,,,,,,,,,,,,,,,,
283,劣等上等,"劣上,哒哒哒",,,,,,,,,,,,,,,,,,,,,,,
284,I knew it!,"我懂了,哇嘎里马斯,iki",,,,,,,,,,,,,,,,,,,,,,,
285,ウィーアー！,"weare,海贼王",,,,,,,,,,,,,,,,,,,,,,,
286,青と夏,"青夏,绿苹果",,,,,,,,,,,,,,,,,,,,,,,
287,恋しさと せつなさと 心強さと,"恋心强,街头霸王,小室",,,,,,,,,,,,,,,,,,,,,,,
288,Beautiful Birthday,"生日歌,美丽生日",,,,,,,,,,,,,,,,,,,,,,,
289,!NVADE SHOW!,"invade show,NVIDIA SHOW,英伟达show",,,,,,,,,,,,,,,,,,,,,,,
290,Power of LOVE!!!,"爱的力量!,爱的力量！,pol",,,,,,,,,,,,,,,,,,,,,,,
291,ZEAL of proud,zop,,,,,,,,,,,,,,,,,,,,,,,
292,ブリキノダンス,"马口铁之舞,马口铁,九转大肠,绿舌头",,,,,,,,,,,,,,,,,,,,,,,
293,ONE OF US,"ag3,我们中,oou,tomoni",,,,,,,,,,,,,,,,,,,,,,,
294,Photograph,"相册,照片",,,,,,,,,,,,,,,,,,,,,,,
295,Nevereverland,"永无岛,梦国",,,,,,,,,,,,,,,,,,,,,,,
296,セツナトリップ,"各位群友上午好,刹那旅途,各位朋友早上好,刹那旅程,尾粉接十六分,bpm290",,,,,,,,,,,,,,,,,,,,,,,
297,おジャ魔女カーニバル!!,"小魔女,光吉猛修",,,,,,,,,,,,,,,,,,,,,,,
298,DANCE! おジャ魔女,"小魔女,跳舞",,,,,,,,,,,,,,,,,,,,,,,
299,Rolling star,"滚天,滚星,摇滚之星,rs,死神",,,,,,,,,,,,,,,,,,,,,,,
300,ハーモニー・デイ,"harmonyday,八毛二一,和谐天",,,,,,,,,,,,,,,,,,,,,,,
301,mind of Prominence,mop,,,,,,,,,,,,,,,,,,,,,,,
302,sister's noise,"妹吵,噜,日菜,hina,吵你妹,姐姐闹,姐妹闹,sn,超炮",,,,,,,,,,,,,,,,,,,,,,,
303,TITLE IDOL,"pp3,模范偶像,ti",,,,,,,,,,,,,,,,,,,,,,,
304,SENSENFUKOKU,"宣战布告,下午好,ssfk,ssfkk",,,,,,,,,,,,,,,,,,,,,,,
305,好き！雪！本気マジック,"卧槽!下雪了!牛逼啊!,喜欢!雪!真实的魔法!,卧槽！下雪了！牛逼啊！,喜欢！雪！真实的魔法！,好雪本气,草！雪！牛逼！",,,,,,,,,,,,,,,,,,,,,,,
306,SAVIOR OF SONG,"sos,苍蓝钢铁,效率,救救",,,,,,,,,,,,,,,,,,,,,,,
307,ムーンライト伝説,"美少女战士,美战,月光传说",,,,,,,,,,,,,,,,,,,,,,,
308,ドラマツルギー,"拟剧论,eve",,,,,,,,,,,,,,,,,,,,,,,
309,Northern lights,"北极光,通灵王,北灯,nl,摆寄性",,,,,,,,,,,,,,,,,,,,,,,
310,Keep Heart,"保持你的决心,kh",,,,,,,,,,,,,,,,,,,,,,,
311,CQCQ,音宝痛苦歌,,,,,,,,,,,,,,,,,,,,,,,
312,Sweets BAN!,"SB,不吃甜食,禁止",,,,,,,,,,,,,,,,,,,,,,,
313,にこにこねくと！,"hhw3,笑容链接",,,,,,,,,,,,,,,,,,,,,,,
314,OUTSIDER RODEO,"飚车,or",,,,,,,,,,,,,,,,,,,,,,,
315,Make it!,"造它,美妙天堂",,,,,,,,,,,,,,,,,,,,,,,
316,オレンジ,"orange,龙虎,橙,龙与虎",,,,,,,,,,,,,,,,,,,,,,,
317,夜に駆ける,"夜驱,夜跑,夜奔,试图把我激怒,yoasobi,夜游",,,,,,,,,,,,,,,,,,,,,,,
318,イエスタデイ,"yesterday,昨天,胡子男,hello world,你好世界",,,,,,,,,,,,,,,,,,,,,,,
319,サムライハート(Some Like It Hot!!),"武士之心,银魂,slih",,,,,,,,,,,,,,,,,,,,,,,
320,SHINY DAYS,"摇曳露营,sd",,,,,,,,,,,,,,,,,,,,,,,
321,アゲハ蝶,凤蝶,,,,,,,,,,,,,,,,,,,,,,,
322,DAYBREAK FRONTLINE,"日破前线,黎明前线,df,粉键交互",,,,,,,,,,,,,,,,,,,,,,,
323,Synchrogazer,"战姬绝唱,脑梗14+",,,,,,,,,,,,,,,,,,,,,,,
324,るんっ♪てぃてぃー！,噜,,,,,,,,,,,,,,,,,,,,,,,
325,EXIST,"存在,exi,扰乱op,ex,大e3",,,,,,,,,,,,,,,,,,,,,,,
326,Live Beyond!!,"ppp3章,lb",,,,,,,,,,,,,,,,,,,,,,,
327,Sonorous,"sonolous,sonolus",,,,,,,,,,,,,,,,,,,,,,,
328,Proud of oneself,"poo,为你自豪",,,,,,,,,,,,,,,,,,,,,,,
329,V.I.P,"会员,魔笛,vip",,,,,,,,,,,,,,,,,,,,,,,
330,Original Call,"起源呼叫,oc",,,,,,,,,,,,,,,,,,,,,,,
331,ハウトゥー世界征服,"世征,wv,ftr6",,,,,,,,,,,,,,,,,,,,,,,
332,鳥の詩,"鸟之诗,鸟诗,国歌,air",,,,,,,,,,,,,,,,,,,,,,,
333,CORE PRIDE,"青之驱魔师,cr,开幕大交互",,,,,,,,,,,,,,,,,,,,,,,
334,Happy Girl,"开心女孩,记得要听老爹的话,哈皮狗,hg,听爸爸的话",,,,,,,,,,,,,,,,,,,,,,,
335,春〜spring〜,,,,,,,,,,,,,,,,,,,,,,,,
336,ラムのラブソング,"拉姆情歌,拉姆恋歌",,,,,,,,,,,,,,,,,,,,,,,
337,overtuRe,序曲,,,,,,,,,,,,,,,,,,,,,,,
338,My Dearest,"罪恶王冠,我最爱的,Imyours,md",,,,,,,,,,,,,,,,,,,,,,,
339,Domination to world,"dtw,统治世界",,,,,,,,,,,,,,,,,,,,,,,
340,カナユメ,"我在东北玩泥巴,印度,阿拉伯,做梦",,,,,,,,,,,,,,,,,,,,,,,
341,ないすみちゅっ！,"nicemeetyou,恐龙,恐龙蛋",,,,,,,,,,,,,,,,,,,,,,,
342,徒花ネクロマンシー,"佐贺,徒花招魂术",,,,,,,,,,,,,,,,,,,,,,,
343,大河よ共に泣いてくれ,"大河共泣,佐贺",,,,,,,,,,,,,,,,,,,,,,,
344,Sing Alive,"棋盘,ykn下棋,sa",,,,,,,,,,,,,,,,,,,,,,,
345,ヒューマノイド,"humaniod,类人类,真夜中,humanoid",,,,,,,,,,,,,,,,,,,,,,,
346,Sprechchor,"r3,齐颂,齐声高歌,蜜雪冰城",,,,,,,,,,,,,,,,,,,,,,,
347,Secret Dawn,"七深的画,sd",,,,,,,,,,,,,,,,,,,,,,,
348,灼熱 Bonfire!,"灼热小太阳,灼热,火焰弹",,,,,,,,,,,,,,,,,,,,,,,
349,ここから先は歌にならない,"重制人生,先歌",,,,,,,,,,,,,,,,,,,,,,,
350,Singing “OURS”,唱我们,,,,,,,,,,,,,,,,,,,,,,,
351,DAYS of DASH,"每天都冲,dod,樱花庄,铃木",,,,,,,,,,,,,,,,,,,,,,,
352,COLORFUL BOX,"白箱,彩箱",,,,,,,,,,,,,,,,,,,,,,,
353,絆色のアンサンブル,"绊色,我们奏响的合奏曲是",,,,,,,,,,,,,,,,,,,,,,,
354,夏に閉じ込めて,"波子汽水,夏闭,海,ppp泳装,封入夏天,夏币",,,,,,,,,,,,,,,,,,,,,,,
355,競宴Red×Violet,"竞宴,喜宴,婚后高歌曲,对山歌,山歌,美竹兰你就是个（）,美竹兰你就是个()",,,,,,,,,,,,,,,,,,,,,,,
356,Trouble Joyful!!,"享受麻烦,tj",,,,,,,,,,,,,,,,,,,,,,,
357,ラスハピーポー！,"重金属儿歌,rashappy,电子核儿歌,这也能27",,,,,,,,,,,,,,,,,,,,,,,
358,ン・パカマーチ,"蜡笔王国,儿歌",,,,,,,,,,,,,,,,,,,,,,,
359,HELL! or HELL?,"hoh,新手教程,地狱,绯玛丽,请选择",,,,,,,,,,,,,,,,,,,,,,,
360,Sacred world,"突击莉莉,土鸡莉莉,sw,神圣世界",,,,,,,,,,,,,,,,,,,,,,,
361,KING,"王,剔牙,拉塞,1000,叭叭叭",,,,,,,,,,,,,,,,,,,,,,,
362,きらっ☆と キミフェス！,"恐怖马戏团,万圣",,,,,,,,,,,,,,,,,,,,,,,
363,TOMORROW,"素晴,machico,明天",,,,,,,,,,,,,,,,,,,,,,,
364,ピコたるもの、ふぃーばー！,"pico3,picofever",,,,,,,,,,,,,,,,,,,,,,,
365,fly with the night,"m2,夜飞",,,,,,,,,,,,,,,,,,,,,,,
366,ナカナ イナ カナイ,我不哭我不哭,,,,,,,,,,,,,,,,,,,,,,,
367,ファンサ,"fans,阿夸,honeyworks,holo",,,,,,,,,,,,,,,,,,,,,,,
368,あの夢をなぞって,"描绘梦,yoasobi,空妈",,,,,,,,,,,,,,,,,,,,,,,
369,ぼなぺてぃーと♡Ｓ,"属性咖啡店,抖s,holo,狐,白上吹雪,调教咖啡厅,s代表什么",,,,,,,,,,,,,,,,,,,,,,,
370,パッパレ☆人生！バーン万歳！,"万岁,怕死怕累,人生万岁,趴趴累,啪啪累,怕怕累",,,,,,,,,,,,,,,,,,,,,,,
371,勇気Limit！,"勇气,勇气のReason,傻啊,勇气李美头,勇气里美头,勇气里美,BPM224,早安",,,,,,,,,,,,,,,,,,,,,,,
372,Off we go.,"关我走,owg",,,,,,,,,,,,,,,,,,,,,,,
373,Our Carol,"R圣诞,oc",,,,,,,,,,,,,,,,,,,,,,,
374,Fateful...,打牌,,,,,,,,,,,,,,,,,,,,,,,
375,Embrace of light,"扰乱ed,eol",,,,,,,,,,,,,,,,,,,,,,,
376,ベノム,"猛毒,咩",,,,,,,,,,,,,,,,,,,,,,,
377,優勝 feat.Afterglow,flow,,,,,,,,,,,,,,,,,,,,,,,
378,COLORS,"叛逆的鲁鲁修,男",,,,,,,,,,,,,,,,,,,,,,,
379,Keep the Heat and Fire Yourself Up,"封神演义,kthafyu",,,,,,,,,,,,,,,,,,,,,,,
380,SPARK-AGAIN,"炎炎2,aimer",,,,,,,,,,,,,,,,,,,,,,,
381,イントロダクション,"序曲,ayase,introduction",,,,,,,,,,,,,,,,,,,,,,,
382,怪物,"贵物,beastar,夜游,yoasobi",,,,,,,,,,,,,,,,,,,,,,,
383,CORUSCATE -DNA-,"ras2,dna,脱氧核糖核酸",,,,,,,,,,,,,,,,,,,,,,,
384,ヒトリゴト,"埃罗芒阿老师,黄漫老师,情色漫画,工口,自言自语",,,,,,,,,,,,,,,,,,,,,,,
385,もういちど ルミナス（コラボver）,"pp2重制版,claris,引牛之主,再来,再一次 闪耀,再次闪耀",,,,,,,,,,,,,,,,,,,,,,,
386,DEPARTURES,"分离,分别,小室",,,,,,,,,,,,,,,,,,,,,,,
387,曇天,"银魂,昙天",,,,,,,,,,,,,,,,,,,,,,,
388,グッバイ宣言,"再见宣言,goodbye",,,,,,,,,,,,,,,,,,,,,,,
389,シル・ヴ・プレジデント,"大统领,大总统,大统领独唱",,,,,,,,,,,,,,,,,,,,,,,
390,ぽっぴん'どりーむ！,"Poppin'Dream,上手",,,,,,,,,,,,,,,,,,,,,,,
391,星の約束,"星之约束,星约束",,,,,,,,,,,,,,,,,,,,,,,
392,ハッピー☆マテリアル,魔法老师,,,,,,,,,,,,,,,,,,,,,,,
393,現るっ！大怪盗ハロハッピー！,"怪盗2,出现啦,大怪盗,哈批,哈罗哈皮,小贼船,贼船2",,,,,,,,,,,,,,,,,,,,,,,
394,Listen!!,"听着,轻音少女,kon",,,,,,,,,,,,,,,,,,,,,,,
395,Sparkling Daydream,"中二病,sd,中二恋,zaq",,,,,,,,,,,,,,,,,,,,,,,
396,Brand new Pastel Road！,"ZAQ,全新路,bnpr",,,,,,,,,,,,,,,,,,,,,,,
397,Just Awake,"全职猎人,ja,BPM191",,,,,,,,,,,,,,,,,,,,,,,
398,One step at a time,五蝶进窗,,,,,,,,,,,,,,,,,,,,,,,
399,Repaint,"赌城,重画,做法现场",,,,,,,,,,,,,,,,,,,,,,,
400,CATASTROPHE BANQUET,"灾宴,除了纱夜全是妈,cb,魔王,王道,灾厄宴会",,,,,,,,,,,,,,,,,,,,,,,
401,月光花,冬之花,,,,,,,,,,,,,,,,,,,,,,,
402,CiRCLE THANKS MUSiC♪,"瑟科感谢音乐,听我说谢谢你,ctm",,,,,,,,,,,,,,,,,,,,,,,
403,ヴァンパイア,"吸血鬼,ksm吸我",,,,,,,,,,,,,,,,,,,,,,,
404,メンタルチェンソー,精神电锯,,,,,,,,,,,,,,,,,,,,,,,
405,春を告げる,"宣告春天,宣春",,,,,,,,,,,,,,,,,,,,,,,
406,Realize,re0,,,,,,,,,,,,,,,,,,,,,,,
407,くちづけDiamond,"钻石,山田君",,,,,,,,,,,,,,,,,,,,,,,
408,unravel,"音宝的痛,舌尖上的东京,东京食尸鬼,喰种,洗海带,TK",,,,,,,,,,,,,,,,,,,,,,,
409,脳漿炸裂ガール,"脑浆炸裂少女,脑浆,脑梗,32上位",,,,,,,,,,,,,,,,,,,,,,,
410,閃光,"闪光,Eve,双押海",,,,,,,,,,,,,,,,,,,,,,,
411,廻廻奇譚,"回回奇谭,咒术回战,eve",,,,,,,,,,,,,,,,,,,,,,,
412,[FULL] CiRCLE THANKS MUSiC♪,"听我说谢谢你,谢谢full",,,,,,,,,,,,,,,,,,,,,,,
413,DRIVE US CRAZY,"duc,让我疯狂,开车我们疯,Layer给观众调音",,,,,,,,,,,,,,,,,,,,,,,
414,サクラゼンセン,"樱前线,sakura",,,,,,,,,,,,,,,,,,,,,,,
415,Freedom,"自由,免费",,,,,,,,,,,,,,,,,,,,,,,
416,THE HISTORIC...,r u ready we r ready,,,,,,,,,,,,,,,,,,,,,,,
417,Light a fire,,,,,,,,,,,,,,,,,,,,,,,,
418,青空のラプソディ,"青空狂想曲,小林家的龙女仆,妹抖龙,舅舅爷,弟媳,六舅,啊那个郭德纲,微辣猪",,,,,,,,,,,,,,,,,,,,,,,
419,秘密の扉から会いにきて,"农林,推开秘密之门来见你",,,,,,,,,,,,,,,,,,,,,,,
420,あこがれacross,憧憬across,,,,,,,,,,,,,,,,,,,,,,,
421,おもいやりハーモニー,脱下,,,,,,,,,,,,,,,,,,,,,,,
422,Cry Baby,"东京复仇者,胡子男,东万",,,,,,,,,,,,,,,,,,,,,,,
423,トーキョーワンダー。,"东京复仇者,东万",,,,,,,,,,,,,,,,,,,,,,,
424,ハレハレ☆フォーチュン,pp婚纱,,,,,,,,,,,,,,,,,,,,,,,
425,SWITCH ON NOW,son,,,,,,,,,,,,,,,,,,,,,,,
426,メギツネ,"狐妖少女,BABYMETAL,狐面,狐狸面具",,,,,,,,,,,,,,,,,,,,,,,
427,ボクノート,哆啦A梦,,,,,,,,,,,,,,,,,,,,,,,
428,Happy! Happier! Happiest!,"三连Happy,乐乐乐,九纵连,9纵连,hhh",,,,,,,,,,,,,,,,,,,,,,,
429,ヒャダインのじょーじょーゆーじょー,"日常,上上友情",,,,,,,,,,,,,,,,,,,,,,,
430,Preserved Roses,"革命机,存留玫瑰",,,,,,,,,,,,,,,,,,,,,,,
431,ROZEN HORIZON,"火鸟2.0,各位群友傍晚好,RH,纱夜模拟器,短绿条,火鸡2",,,,,,,,,,,,,,,,,,,,,,,
432,SOUL SOLDIER,"灵魂战士,ss,前奏爆一百遍,喜欢我24分吗",,,,,,,,,,,,,,,,,,,,,,,
433,大好き！,"最喜欢了！,最喜欢了!,daisuke",,,,,,,,,,,,,,,,,,,,,,,
434,Swear 〜Night & Day〜,日夜祈祷,,,,,,,,,,,,,,,,,,,,,,,
435,"寄る辺のSunny, Sunny","morfonication,寄边日日",,,,,,,,,,,,,,,,,,,,,,,
436,カラフルリバティー,"多彩的自由,多彩自由",,,,,,,,,,,,,,,,,,,,,,,
437,ハナヒバナ,"百花焰火,我的彩彩,刹那花火",,,,,,,,,,,,,,,,,,,,,,,
438,Memento,re0,,,,,,,,,,,,,,,,,,,,,,,
439,STYX HELIX,re0,,,,,,,,,,,,,,,,,,,,,,,
440,THE WAY OF LIFE,"twol,物量919",,,,,,,,,,,,,,,,,,,,,,,
441,The Circle Of Butterflies,"蝴蝶圈,蝴蝶环",,,,,,,,,,,,,,,,,,,,,,,
442,独創収差,"独创收差,TK",,,,,,,,,,,,,,,,,,,,,,,
443,うちゃパ！で ぱっぴかポーんっ！,"乌加帕,uchapa",,,,,,,,,,,,,,,,,,,,,,,
444,abnormalize,"心理测量者,TK,反常化",,,,,,,,,,,,,,,,,,,,,,,
445,divine intervention,神灵介入,,,,,,,,,,,,,,,,,,,,,,,
446,狂乱 Hey Kids!!,野良神,,,,,,,,,,,,,,,,,,,,,,,
447,Moonlight Walk,"进化之实,踏上胜利的人生,月光行",,,,,,,,,,,,,,,,,,,,,,,
448,Invincible Fighter,"op,if,Invisible Frenzy",,,,,,,,,,,,,,,,,,,,,,,
449,Takin’ my Heart,"夺走我的心,夺心",,,,,,,,,,,,,,,,,,,,,,,
450,スカイクラッドの観測者,"石头门,天空覆层的观测者",,,,,,,,,,,,,,,,,,,,,,,
451,Punchline Halloween!!!,,,,,,,,,,,,,,,,,,,,,,,,
452,Future Place,未来之地,,,,,,,,,,,,,,,,,,,,,,,
453,Dear Gleam,"DG,反向配置",,,,,,,,,,,,,,,,,,,,,,,
455,Nameless Story,"史莱姆,无名故事,轴交互采小提琴",,,,,,,,,,,,,,,,,,,,,,,
456,Storyteller,"史莱姆,故事讲述者",,,,,,,,,,,,,,,,,,,,,,,
457,DEAD HEAT BEAT,"dhb,热死病,sing a song what you sing,大红包",,,,,,,,,,,,,,,,,,,,,,,
458,ミックスナッツ,"间谍过家家,spy family",,,,,,,,,,,,,,,,,,,,,,,
459,VORACITY,"骨王,op",,,,,,,,,,,,,,,,,,,,,,,
460,えがお、あーゆーれでぃ???,Are you ready?,,,,,,,,,,,,,,,,,,,,,,,
461,スターナイトスノウ,"星夜之雪,雪未来2017",,,,,,,,,,,,,,,,,,,,,,,
462,シル・ヴ・プレジデント,大统领合唱版,,,,,,,,,,,,,,,,,,,,,,,
463,もってけ！セーラーふく,"拿去吧水手服,幸运星",,,,,,,,,,,,,,,,,,,,,,,
464,乙女はサイコパス,心理变态少女,,,,,,,,,,,,,,,,,,,,,,,
465,群青,啊啊啊啊啊啊啊啊啊啊,,,,,,,,,,,,,,,,,,,,,,,
466,フォニイ,phony,,,,,,,,,,,,,,,,,,,,,,,
467,閃光,"南瓜头.mp4,闪光,高达,BPM208",,,,,,,,,,,,,,,,,,,,,,,
468,転生林檎,"转生苹果,你是一个一个苹果啊,官谱拉弓蛇",,,,,,,,,,,,,,,,,,,,,,,
469,Five Letters,"五字母,五封信",,,,,,,,,,,,,,,,,,,,,,,
470,IGNITE GLOW,,,,,,,,,,,,,,,,,,,,,,,,
471,Sweet Cheers!,,,,,,,,,,,,,,,,,,,,,,,,
472,ようこそジャパリパークへ,加帕里,,,,,,,,,,,,,,,,,,,,,,,
473,一逢のFull Glory,,,,,,,,,,,,,,,,,,,,,,,,
474,YELL,毕业活翻唱,,,,,,,,,,,,,,,,,,,,,,,
475,See you! 〜それぞれの明日へ〜,"毕业活原创,see you 向着明日",,,,,,,,,,,,,,,,,,,,,,,
476,RiNG A BELL,,,,,,,,,,,,,,,,,,,,,,,,
477,新時代,新时代,,,,,,,,,,,,,,,,,,,,,,,
478,五等分の気持ち,五等分的新娘,,,,,,,,,,,,,,,,,,,,,,,
479,命に嫌われている,"传说的20秒,命嫌",,,,,,,,,,,,,,,,,,,,,,,
480,＊ ～アスタリスク～,"死神,Asterisk,劲爆7轨1k",,,,,,,,,,,,,,,,,,,,,,,
481,ALIVE,"蒜OP,大活3,存活",,,,,,,,,,,,,,,,,,,,,,,
482,ダーリンダンス,darling dance,,,,,,,,,,,,,,,,,,,,,,,
483,神っぽいな,"像神一样啊,嘟嘟噜嘟嘟嘟噜嘿,你游vocal最高音",,,,,,,,,,,,,,,,,,,,,,,
484,キズナミュージック♪（3Dライブモード対応）,"3Dkzn,3D kizunamusic",,,,,,,,,,,,,,,,,,,,,,,
485,Glee! Glee! Glee!,"格里,格力,格立,格利,ggg",,,,,,,,,,,,,,,,,,,,,,,
486,[超高難易度 新SPECIAL] HELL! or HELL?,"怎么标33,246轨子弹",,,,,,,,,,,,,,,,,,,,,,,
487,[超高難易度 新SPECIAL] 六兆年と一夜物語,"怎么不是34,十六分滑键",,,,,,,,,,,,,,,,,,,,,,,
488,Made My Day,"造我日,ag之春",,,,,,,,,,,,,,,,,,,,,,,
489,迷星叫,迷星叫,,,,,,,,,,,,,,,,,,,,,,,
490,新しい季節に,"在新的季节里,全新的季节,新季节",,,,,,,,,,,,,,,,,,,,,,,
491,花呼ぶ声,"花呼声,kemu",,,,,,,,,,,,,,,,,,,,,,,
492,Call the shots,"r组打广告,钢琴大交互,惊喜楼梯轻切,你出张绿条断了,cts,叫射",,,,,,,,,,,,,,,,,,,,,,,
493,最強☆ソング,"最强歌,最强song,Saikyo song,Saikyo Stronger",,,,,,,,,,,,,,,,,,,,,,,
494,ヒロイン育成計画,"告白实行委员会,女主角养成计划,女主角育成计划",,,,,,,,,,,,,,,,,,,,,,,
496,少女レイ,"少女rei,你要的海底谭,Layer",,,,,,,,,,,,,,,,,,,,,,,
497,チューリングラブ,"turing love,truing love,turning love,理科生",,,,,,,,,,,,,,,,,,,,,,,
498,踊,"Odo,踊",,,,,,,,,,,,,,,,,,,,,,,
499,アイウエ,aiue,,,,,,,,,,,,,,,,,,,,,,,
500,Angel's Ladder,"天使梯,天梯,al",,,,,,,,,,,,,,,,,,,,,,,
501,惑星ループ,"行星环,行星循环",,,,,,,,,,,,,,,,,,,,,,,
502,心絵,心绘,,,,,,,,,,,,,,,,,,,,,,,
503,酔いどれ知らず,不知醉,,,,,,,,,,,,,,,,,,,,,,,
504,キミを れっつ・はぶ・ふぁん♪,Let'have fun!,,,,,,,,,,,,,,,,,,,,,,,
505,-N-E-M-E-S-I-S-,,,,,,,,,,,,,,,,,,,,,,,,
506,ダンスホール,,,,,,,,,,,,,,,,,,,,,,,,
507,CHAINSAW BLOOD,电锯血,,,,,,,,,,,,,,,,,,,,,,,
508,ファイトソング,"打架歌,Fight song",,,,,,,,,,,,,,,,,,,,,,,
509,オドループ,Odd loop,,,,,,,,,,,,,,,,,,,,,,,
510,ペトリコール・オベーション,,,,,,,,,,,,,,,,,,,,,,,,
511,Sunlit Musical,,,,,,,,,,,,,,,,,,,,,,,,
512,壱雫空,"shizuku,一雫空,幻想时间",,,,,,,,,,,,,,,,,,,,,,,
513,栞,"再看半集的小曲,再看半集の小曲儿",六星出了，删了,,,,,,,,,,,,,,,,,,,,,,
514,QUEEN,"女王,皇后",,,,,,,,,,,,,,,,,,,,,,,
515,碧天伴走,"逆天伴走,爱灯",,,,,,,,,,,,,,,,,,,,,,,
516,Get Wild,,,,,,,,,,,,,,,,,,,,,,,,
517,愛のしるし,,,,,,,,,,,,,,,,,,,,,,,,
518,HOT LIMIT,"教主,西川贵教,阳性",,,,,,,,,,,,,,,,,,,,,,,
519,私色きらめき日和,,,,,,,,,,,,,,,,,,,,,,,,
520,Ever Sky Blue,,,,,,,,,,,,,,,,,,,,,,,,
521,極彩色,极彩色,,,,,,,,,,,,,,,,,,,,,,,
522,詩超絆,诗超绊,,,,,,,,,,,,,,,,,,,,,,,
523,ボクらの夏's☆ショーたいむっ！！,,,,,,,,,,,,,,,,,,,,,,,,
524,ふぁいぶスマイル◯オールインっ！,"我超,原",,,,,,,,,,,,,,,,,,,,,,,
525,迷路日々,"迷路日日,melody",,,,,,,,,,,,,,,,,,,,,,,
526,燦々,"sansan,sensen（,尾杀一万级",,,,,,,,,,,,,,,,,,,,,,,
527,ほな！,"西游记,Hona!",,,,,,,,,,,,,,,,,,,,,,,
528,優勝 feat.Afterglow,"flow,你邦男声,优胜",你又来啦？,,,,,,,,,,,,,,,,,,,,,,
529,チルドレンレコード(Re:boot),"孩童记录,children record",,,,,,,,,,,,,,,,,,,,,,,
530,音がえしのセレナーデ,,,,,,,,,,,,,,,,,,,,,,,,
532,祝福,祝福,,,,,,,,,,,,,,,,,,,,,,,
533,可愛くてごめん,"这么可爱真是抱歉呢,pp缺主唱",,,,,,,,,,,,,,,,,,,,,,,
534,エゴロック,"egorock,自我摇滚,123FAQ",,,,,,,,,,,,,,,,,,,,,,,
535,D-tecnoLife,,,,,,,,,,,,,,,,,,,,,,,,
536,サウダージ,,,,,,,,,,,,,,,,,,,,,,,,
537,ヒバナ-Reloaded-,"火花,七八十,敷衍了事",,,,,,,,,,,,,,,,,,,,,,,
538,トウキョウ・シャンディ・ランデヴ,东京香蒂幽会,,,,,,,,,,,,,,,,,,,,,,,
539,Be born,出生,,,,,,,,,,,,,,,,,,,,,,,
540,影色舞,"影色舞,冰,溜大了的小曲",,,,,,,,,,,,,,,,,,,,,,,
542,歌いましょう鳴らしましょう,"歌鸣,一同演奏一同歌唱,歌什么什么鸣什么什么",,,,,,,,,,,,,,,,,,,,,,,
543,THRONE OF ROSE,蔷薇王座,,,,,,,,,,,,,,,,,,,,,,,
545,猛独が襲う,"独孤猛袭,孤独猛袭,猛独孤袭",,,,,,,,,,,,,,,,,,,,,,,
546,swim,游泳,,,,,,,,,,,,,,,,,,,,,,,
547,ヴィラン,villain,,,,,,,,,,,,,,,,,,,,,,,
548,everyday flower,"每天花,每日花,日日花",,,,,,,,,,,,,,,,,,,,,,,
549,BATTLE CRY,战吼,,,,,,,,,,,,,,,,,,,,,,,
550,裸の勇者,,,,,,,,,,,,,,,,,,,,,,,,
551,That's why I'm here,,,,,,,,,,,,,,,,,,,,,,,,
552,テレキャスタービーボーイ,,,,,,,,,,,,,,,,,,,,,,,,
553,処救生,,,,,,,,,,,,,,,,,,,,,,,,
554,Chu Chueen!,,,,,,,,,,,,,,,,,,,,,,,,
555,Merry Merry Thanks!!,,,,,,,,,,,,,,,,,,,,,,,,
556,東京テディベア,,,,,,,,,,,,,,,,,,,,,,,,
557,青春 To Be Continued,,,,,,,,,,,,,,,,,,,,,,,,
10001,彩虹节拍,彩虹答辩,,,,,,,,,,,,,,,,,,,,,,,
,,,,,,,,,,,,,,,,,,,,,,,,,
,,,,,,,,,,,,,,,,,,,,,,,,,
,,,,,,,,,,,,,,,,,,,,,,,,,
,,,,,,,,,,,,,,,,,,,,,,,,,
,,,,,,,,,,,,,,,,,,,,,,,,,
,,,,,,,,,,,,,,,,,,,,,,,,,
,,,,,,,,,,,,,,,,,,,,,,,,,
,,,,,,,,,,,,,,,,,,,,,,,,,
,,,,,,,,,,,,,,,,,,,,,,,,,
,,,,,,,,,,,,,,,,,,,,,,,,,
